object,url
images-4%2F4_0_0.tif,https://bigimage-0422.oss-cn-beijing.aliyuncs.com/images-4/4_0_0.tif?Expires=1589525191&OSSAccessKeyId=TMP.3KdhN6Rdo6D2gujaTqNHaDa3tYKMYEmpWx3mwyFgGzGDxE26GgtksRSb7ytvsMTeb7WkZFXMDj9z3NfvWavLVejewsAVJm&Signature=FksgqjVOsrCA1ab1rdKjtkyPJOs%3D
images-4%2F4_0_1.tif,https://bigimage-0422.oss-cn-beijing.aliyuncs.com/images-4/4_0_1.tif?Expires=1589525191&OSSAccessKeyId=TMP.3KdhN6Rdo6D2gujaTqNHaDa3tYKMYEmpWx3mwyFgGzGDxE26GgtksRSb7ytvsMTeb7WkZFXMDj9z3NfvWavLVejewsAVJm&Signature=vZbHx0TjmhHSk11jz7ZQPIVv4ag%3D
images-4%2F4_0_10.tif,https://bigimage-0422.oss-cn-beijing.aliyuncs.com/images-4/4_0_10.tif?Expires=1589525191&OSSAccessKeyId=TMP.3KdhN6Rdo6D2gujaTqNHaDa3tYKMYEmpWx3mwyFgGzGDxE26GgtksRSb7ytvsMTeb7WkZFXMDj9z3NfvWavLVejewsAVJm&Signature=ktHZb6jMDl9aEQxPyZgntqoZEPA%3D
images-4%2F4_0_11.tif,https://bigimage-0422.oss-cn-beijing.aliyuncs.com/images-4/4_0_11.tif?Expires=1589525191&OSSAccessKeyId=TMP.3KdhN6Rdo6D2gujaTqNHaDa3tYKMYEmpWx3mwyFgGzGDxE26GgtksRSb7ytvsMTeb7WkZFXMDj9z3NfvWavLVejewsAVJm&Signature=S3BX5czW7c9qneI987lDURqXGBA%3D
images-4%2F4_0_2.tif,https://bigimage-0422.oss-cn-beijing.aliyuncs.com/images-4/4_0_2.tif?Expires=1589525191&OSSAccessKeyId=TMP.3KdhN6Rdo6D2gujaTqNHaDa3tYKMYEmpWx3mwyFgGzGDxE26GgtksRSb7ytvsMTeb7WkZFXMDj9z3NfvWavLVejewsAVJm&Signature=irX8jsX90xteCNLBXZa2XOROgdg%3D
images-4%2F4_0_3.tif,https://bigimage-0422.oss-cn-beijing.aliyuncs.com/images-4/4_0_3.tif?Expires=1589525191&OSSAccessKeyId=TMP.3KdhN6Rdo6D2gujaTqNHaDa3tYKMYEmpWx3mwyFgGzGDxE26GgtksRSb7ytvsMTeb7WkZFXMDj9z3NfvWavLVejewsAVJm&Signature=l3EasPk8qhjxKTjAnKUSfjrqHuE%3D
images-4%2F4_0_4.tif,https://bigimage-0422.oss-cn-beijing.aliyuncs.com/images-4/4_0_4.tif?Expires=1589525191&OSSAccessKeyId=TMP.3KdhN6Rdo6D2gujaTqNHaDa3tYKMYEmpWx3mwyFgGzGDxE26GgtksRSb7ytvsMTeb7WkZFXMDj9z3NfvWavLVejewsAVJm&Signature=xHpzWFcEkrYG4J0Ll9WJJiw%2BJnA%3D
images-4%2F4_0_5.tif,https://bigimage-0422.oss-cn-beijing.aliyuncs.com/images-4/4_0_5.tif?Expires=1589525191&OSSAccessKeyId=TMP.3KdhN6Rdo6D2gujaTqNHaDa3tYKMYEmpWx3mwyFgGzGDxE26GgtksRSb7ytvsMTeb7WkZFXMDj9z3NfvWavLVejewsAVJm&Signature=q%2BhMKelfR5eNibyA9fTePLEas1M%3D
images-4%2F4_0_6.tif,https://bigimage-0422.oss-cn-beijing.aliyuncs.com/images-4/4_0_6.tif?Expires=1589525191&OSSAccessKeyId=TMP.3KdhN6Rdo6D2gujaTqNHaDa3tYKMYEmpWx3mwyFgGzGDxE26GgtksRSb7ytvsMTeb7WkZFXMDj9z3NfvWavLVejewsAVJm&Signature=uV9AVG%2BE5lCx8NWHWq3NzFfH%2B6M%3D
images-4%2F4_0_7.tif,https://bigimage-0422.oss-cn-beijing.aliyuncs.com/images-4/4_0_7.tif?Expires=1589525191&OSSAccessKeyId=TMP.3KdhN6Rdo6D2gujaTqNHaDa3tYKMYEmpWx3mwyFgGzGDxE26GgtksRSb7ytvsMTeb7WkZFXMDj9z3NfvWavLVejewsAVJm&Signature=UOACFHTnivy%2BCcUJ2cdq98nvlKs%3D
images-4%2F4_0_8.tif,https://bigimage-0422.oss-cn-beijing.aliyuncs.com/images-4/4_0_8.tif?Expires=1589525191&OSSAccessKeyId=TMP.3KdhN6Rdo6D2gujaTqNHaDa3tYKMYEmpWx3mwyFgGzGDxE26GgtksRSb7ytvsMTeb7WkZFXMDj9z3NfvWavLVejewsAVJm&Signature=q0qEDVdIEmbmygJu0TiGC8wnTaY%3D
images-4%2F4_0_9.tif,https://bigimage-0422.oss-cn-beijing.aliyuncs.com/images-4/4_0_9.tif?Expires=1589525191&OSSAccessKeyId=TMP.3KdhN6Rdo6D2gujaTqNHaDa3tYKMYEmpWx3mwyFgGzGDxE26GgtksRSb7ytvsMTeb7WkZFXMDj9z3NfvWavLVejewsAVJm&Signature=CBTrlxdhVUG%2Bo1Jb0Ek9l3X76VU%3D
images-4%2F4_10_0.tif,https://bigimage-0422.oss-cn-beijing.aliyuncs.com/images-4/4_10_0.tif?Expires=1589525191&OSSAccessKeyId=TMP.3KdhN6Rdo6D2gujaTqNHaDa3tYKMYEmpWx3mwyFgGzGDxE26GgtksRSb7ytvsMTeb7WkZFXMDj9z3NfvWavLVejewsAVJm&Signature=ZgQOrKd2q7cAwob48w7SvwyhfQA%3D
images-4%2F4_10_1.tif,https://bigimage-0422.oss-cn-beijing.aliyuncs.com/images-4/4_10_1.tif?Expires=1589525191&OSSAccessKeyId=TMP.3KdhN6Rdo6D2gujaTqNHaDa3tYKMYEmpWx3mwyFgGzGDxE26GgtksRSb7ytvsMTeb7WkZFXMDj9z3NfvWavLVejewsAVJm&Signature=Gd%2FAmg%2FNTCmzvEx%2BPTIFIO4tAzw%3D
images-4%2F4_10_10.tif,https://bigimage-0422.oss-cn-beijing.aliyuncs.com/images-4/4_10_10.tif?Expires=1589525191&OSSAccessKeyId=TMP.3KdhN6Rdo6D2gujaTqNHaDa3tYKMYEmpWx3mwyFgGzGDxE26GgtksRSb7ytvsMTeb7WkZFXMDj9z3NfvWavLVejewsAVJm&Signature=%2BEDUTVPBjoUJvaUENQQAW3dWYqY%3D
images-4%2F4_10_11.tif,https://bigimage-0422.oss-cn-beijing.aliyuncs.com/images-4/4_10_11.tif?Expires=1589525192&OSSAccessKeyId=TMP.3KdhN6Rdo6D2gujaTqNHaDa3tYKMYEmpWx3mwyFgGzGDxE26GgtksRSb7ytvsMTeb7WkZFXMDj9z3NfvWavLVejewsAVJm&Signature=R%2BMNh%2FEpWi19vser3kDVAYwizuQ%3D
images-4%2F4_10_2.tif,https://bigimage-0422.oss-cn-beijing.aliyuncs.com/images-4/4_10_2.tif?Expires=1589525192&OSSAccessKeyId=TMP.3KdhN6Rdo6D2gujaTqNHaDa3tYKMYEmpWx3mwyFgGzGDxE26GgtksRSb7ytvsMTeb7WkZFXMDj9z3NfvWavLVejewsAVJm&Signature=jYadORSfPh7oJTYCxZ8PXJkVgqQ%3D
images-4%2F4_10_3.tif,https://bigimage-0422.oss-cn-beijing.aliyuncs.com/images-4/4_10_3.tif?Expires=1589525192&OSSAccessKeyId=TMP.3KdhN6Rdo6D2gujaTqNHaDa3tYKMYEmpWx3mwyFgGzGDxE26GgtksRSb7ytvsMTeb7WkZFXMDj9z3NfvWavLVejewsAVJm&Signature=basB7yovnrYwPvLuYaY9Wb3B0kg%3D
images-4%2F4_10_4.tif,https://bigimage-0422.oss-cn-beijing.aliyuncs.com/images-4/4_10_4.tif?Expires=1589525192&OSSAccessKeyId=TMP.3KdhN6Rdo6D2gujaTqNHaDa3tYKMYEmpWx3mwyFgGzGDxE26GgtksRSb7ytvsMTeb7WkZFXMDj9z3NfvWavLVejewsAVJm&Signature=Ri%2BsjZuvj35UrdaOX8HM5sit3VU%3D
images-4%2F4_10_5.tif,https://bigimage-0422.oss-cn-beijing.aliyuncs.com/images-4/4_10_5.tif?Expires=1589525192&OSSAccessKeyId=TMP.3KdhN6Rdo6D2gujaTqNHaDa3tYKMYEmpWx3mwyFgGzGDxE26GgtksRSb7ytvsMTeb7WkZFXMDj9z3NfvWavLVejewsAVJm&Signature=YJrUmIPNqkqRk9Ry6oc3Uc3QqXY%3D
images-4%2F4_10_6.tif,https://bigimage-0422.oss-cn-beijing.aliyuncs.com/images-4/4_10_6.tif?Expires=1589525192&OSSAccessKeyId=TMP.3KdhN6Rdo6D2gujaTqNHaDa3tYKMYEmpWx3mwyFgGzGDxE26GgtksRSb7ytvsMTeb7WkZFXMDj9z3NfvWavLVejewsAVJm&Signature=j3j55DQt6P3T7MRI7GM3rmEDoi8%3D
images-4%2F4_10_7.tif,https://bigimage-0422.oss-cn-beijing.aliyuncs.com/images-4/4_10_7.tif?Expires=1589525192&OSSAccessKeyId=TMP.3KdhN6Rdo6D2gujaTqNHaDa3tYKMYEmpWx3mwyFgGzGDxE26GgtksRSb7ytvsMTeb7WkZFXMDj9z3NfvWavLVejewsAVJm&Signature=W8sxzLkt2gge9JxLUSn4GqFT7aw%3D
images-4%2F4_10_8.tif,https://bigimage-0422.oss-cn-beijing.aliyuncs.com/images-4/4_10_8.tif?Expires=1589525192&OSSAccessKeyId=TMP.3KdhN6Rdo6D2gujaTqNHaDa3tYKMYEmpWx3mwyFgGzGDxE26GgtksRSb7ytvsMTeb7WkZFXMDj9z3NfvWavLVejewsAVJm&Signature=qM1kpOAeZSf3oAKVWQw4nRHWUWc%3D
images-4%2F4_10_9.tif,https://bigimage-0422.oss-cn-beijing.aliyuncs.com/images-4/4_10_9.tif?Expires=1589525192&OSSAccessKeyId=TMP.3KdhN6Rdo6D2gujaTqNHaDa3tYKMYEmpWx3mwyFgGzGDxE26GgtksRSb7ytvsMTeb7WkZFXMDj9z3NfvWavLVejewsAVJm&Signature=eaJ18oMscpJDrkEarwyTkrize1U%3D
images-4%2F4_1_0.tif,https://bigimage-0422.oss-cn-beijing.aliyuncs.com/images-4/4_1_0.tif?Expires=1589525192&OSSAccessKeyId=TMP.3KdhN6Rdo6D2gujaTqNHaDa3tYKMYEmpWx3mwyFgGzGDxE26GgtksRSb7ytvsMTeb7WkZFXMDj9z3NfvWavLVejewsAVJm&Signature=7lBPpvsRM0iJj2Sl7EBermFtOLE%3D
images-4%2F4_1_1.tif,https://bigimage-0422.oss-cn-beijing.aliyuncs.com/images-4/4_1_1.tif?Expires=1589525192&OSSAccessKeyId=TMP.3KdhN6Rdo6D2gujaTqNHaDa3tYKMYEmpWx3mwyFgGzGDxE26GgtksRSb7ytvsMTeb7WkZFXMDj9z3NfvWavLVejewsAVJm&Signature=5Ldp7omBcBEabZKR32L6%2BlNE4o0%3D
images-4%2F4_1_10.tif,https://bigimage-0422.oss-cn-beijing.aliyuncs.com/images-4/4_1_10.tif?Expires=1589525192&OSSAccessKeyId=TMP.3KdhN6Rdo6D2gujaTqNHaDa3tYKMYEmpWx3mwyFgGzGDxE26GgtksRSb7ytvsMTeb7WkZFXMDj9z3NfvWavLVejewsAVJm&Signature=LEcP5mTd3VBH%2B%2BA13qmmpGAHqgY%3D
images-4%2F4_1_11.tif,https://bigimage-0422.oss-cn-beijing.aliyuncs.com/images-4/4_1_11.tif?Expires=1589525192&OSSAccessKeyId=TMP.3KdhN6Rdo6D2gujaTqNHaDa3tYKMYEmpWx3mwyFgGzGDxE26GgtksRSb7ytvsMTeb7WkZFXMDj9z3NfvWavLVejewsAVJm&Signature=h7XtHjwu%2BATG%2Bx8JhWDOjNUfX8o%3D
images-4%2F4_1_2.tif,https://bigimage-0422.oss-cn-beijing.aliyuncs.com/images-4/4_1_2.tif?Expires=1589525192&OSSAccessKeyId=TMP.3KdhN6Rdo6D2gujaTqNHaDa3tYKMYEmpWx3mwyFgGzGDxE26GgtksRSb7ytvsMTeb7WkZFXMDj9z3NfvWavLVejewsAVJm&Signature=U%2BdIzUNpD70gSaO3qAAx3sfz8D0%3D
images-4%2F4_1_3.tif,https://bigimage-0422.oss-cn-beijing.aliyuncs.com/images-4/4_1_3.tif?Expires=1589525193&OSSAccessKeyId=TMP.3KdhN6Rdo6D2gujaTqNHaDa3tYKMYEmpWx3mwyFgGzGDxE26GgtksRSb7ytvsMTeb7WkZFXMDj9z3NfvWavLVejewsAVJm&Signature=IuHF8VbpqDfW3aErIZQymDhOYXQ%3D
images-4%2F4_1_4.tif,https://bigimage-0422.oss-cn-beijing.aliyuncs.com/images-4/4_1_4.tif?Expires=1589525193&OSSAccessKeyId=TMP.3KdhN6Rdo6D2gujaTqNHaDa3tYKMYEmpWx3mwyFgGzGDxE26GgtksRSb7ytvsMTeb7WkZFXMDj9z3NfvWavLVejewsAVJm&Signature=98mpEQhO1GOgRCtyJjWVITwhx0Q%3D
images-4%2F4_1_5.tif,https://bigimage-0422.oss-cn-beijing.aliyuncs.com/images-4/4_1_5.tif?Expires=1589525193&OSSAccessKeyId=TMP.3KdhN6Rdo6D2gujaTqNHaDa3tYKMYEmpWx3mwyFgGzGDxE26GgtksRSb7ytvsMTeb7WkZFXMDj9z3NfvWavLVejewsAVJm&Signature=Tuga2cemrpClniWPc3CLSeA2XRA%3D
images-4%2F4_1_6.tif,https://bigimage-0422.oss-cn-beijing.aliyuncs.com/images-4/4_1_6.tif?Expires=1589525193&OSSAccessKeyId=TMP.3KdhN6Rdo6D2gujaTqNHaDa3tYKMYEmpWx3mwyFgGzGDxE26GgtksRSb7ytvsMTeb7WkZFXMDj9z3NfvWavLVejewsAVJm&Signature=yerHoCLL%2Fe%2F2Va5Z82e9Op3MrYs%3D
images-4%2F4_1_7.tif,https://bigimage-0422.oss-cn-beijing.aliyuncs.com/images-4/4_1_7.tif?Expires=1589525193&OSSAccessKeyId=TMP.3KdhN6Rdo6D2gujaTqNHaDa3tYKMYEmpWx3mwyFgGzGDxE26GgtksRSb7ytvsMTeb7WkZFXMDj9z3NfvWavLVejewsAVJm&Signature=f4wHSTBuwje2AYZqhnjZQIi1iIg%3D
images-4%2F4_1_8.tif,https://bigimage-0422.oss-cn-beijing.aliyuncs.com/images-4/4_1_8.tif?Expires=1589525193&OSSAccessKeyId=TMP.3KdhN6Rdo6D2gujaTqNHaDa3tYKMYEmpWx3mwyFgGzGDxE26GgtksRSb7ytvsMTeb7WkZFXMDj9z3NfvWavLVejewsAVJm&Signature=PHvXAXmT1y2IHiQj8Bwv1A0zf38%3D
images-4%2F4_1_9.tif,https://bigimage-0422.oss-cn-beijing.aliyuncs.com/images-4/4_1_9.tif?Expires=1589525193&OSSAccessKeyId=TMP.3KdhN6Rdo6D2gujaTqNHaDa3tYKMYEmpWx3mwyFgGzGDxE26GgtksRSb7ytvsMTeb7WkZFXMDj9z3NfvWavLVejewsAVJm&Signature=xRXjGOXPfO7tRs70GESqBb3rGmw%3D
images-4%2F4_2_0.tif,https://bigimage-0422.oss-cn-beijing.aliyuncs.com/images-4/4_2_0.tif?Expires=1589525193&OSSAccessKeyId=TMP.3KdhN6Rdo6D2gujaTqNHaDa3tYKMYEmpWx3mwyFgGzGDxE26GgtksRSb7ytvsMTeb7WkZFXMDj9z3NfvWavLVejewsAVJm&Signature=0hrf19Li5oka7KNxT%2Fzu6IfnY1A%3D
images-4%2F4_2_1.tif,https://bigimage-0422.oss-cn-beijing.aliyuncs.com/images-4/4_2_1.tif?Expires=1589525193&OSSAccessKeyId=TMP.3KdhN6Rdo6D2gujaTqNHaDa3tYKMYEmpWx3mwyFgGzGDxE26GgtksRSb7ytvsMTeb7WkZFXMDj9z3NfvWavLVejewsAVJm&Signature=XOnldeJ2FpD6FlgJhTNWFcv%2BG8o%3D
images-4%2F4_2_10.tif,https://bigimage-0422.oss-cn-beijing.aliyuncs.com/images-4/4_2_10.tif?Expires=1589525193&OSSAccessKeyId=TMP.3KdhN6Rdo6D2gujaTqNHaDa3tYKMYEmpWx3mwyFgGzGDxE26GgtksRSb7ytvsMTeb7WkZFXMDj9z3NfvWavLVejewsAVJm&Signature=UJhxfVYCeN0VCStSA2%2FGfinSor4%3D
images-4%2F4_2_11.tif,https://bigimage-0422.oss-cn-beijing.aliyuncs.com/images-4/4_2_11.tif?Expires=1589525193&OSSAccessKeyId=TMP.3KdhN6Rdo6D2gujaTqNHaDa3tYKMYEmpWx3mwyFgGzGDxE26GgtksRSb7ytvsMTeb7WkZFXMDj9z3NfvWavLVejewsAVJm&Signature=p7QyqBnt1yh9A6gC5GTMO%2FtoWLY%3D
images-4%2F4_2_2.tif,https://bigimage-0422.oss-cn-beijing.aliyuncs.com/images-4/4_2_2.tif?Expires=1589525193&OSSAccessKeyId=TMP.3KdhN6Rdo6D2gujaTqNHaDa3tYKMYEmpWx3mwyFgGzGDxE26GgtksRSb7ytvsMTeb7WkZFXMDj9z3NfvWavLVejewsAVJm&Signature=ABcbiTrBhViHB5H%2FJ9mL2eEi0R8%3D
images-4%2F4_2_3.tif,https://bigimage-0422.oss-cn-beijing.aliyuncs.com/images-4/4_2_3.tif?Expires=1589525193&OSSAccessKeyId=TMP.3KdhN6Rdo6D2gujaTqNHaDa3tYKMYEmpWx3mwyFgGzGDxE26GgtksRSb7ytvsMTeb7WkZFXMDj9z3NfvWavLVejewsAVJm&Signature=eTWjJo9P3F872VvxYKwcxTfCSwc%3D
images-4%2F4_2_4.tif,https://bigimage-0422.oss-cn-beijing.aliyuncs.com/images-4/4_2_4.tif
images-4%2F4_2_5.tif,https://bigimage-0422.oss-cn-beijing.aliyuncs.com/images-4/4_2_5.tif?Expires=1589525194&OSSAccessKeyId=TMP.3KdhN6Rdo6D2gujaTqNHaDa3tYKMYEmpWx3mwyFgGzGDxE26GgtksRSb7ytvsMTeb7WkZFXMDj9z3NfvWavLVejewsAVJm&Signature=DZ3PJyAbDtCJtQPntXe89H2KtfQ%3D
images-4%2F4_2_6.tif,https://bigimage-0422.oss-cn-beijing.aliyuncs.com/images-4/4_2_6.tif?Expires=1589525194&OSSAccessKeyId=TMP.3KdhN6Rdo6D2gujaTqNHaDa3tYKMYEmpWx3mwyFgGzGDxE26GgtksRSb7ytvsMTeb7WkZFXMDj9z3NfvWavLVejewsAVJm&Signature=4m38znbZQe4Q2jZS6u4px12bqkQ%3D
images-4%2F4_2_7.tif,https://bigimage-0422.oss-cn-beijing.aliyuncs.com/images-4/4_2_7.tif?Expires=1589525194&OSSAccessKeyId=TMP.3KdhN6Rdo6D2gujaTqNHaDa3tYKMYEmpWx3mwyFgGzGDxE26GgtksRSb7ytvsMTeb7WkZFXMDj9z3NfvWavLVejewsAVJm&Signature=BsqpL9uK6Nfjoh1XHaX5tLCOcdk%3D
images-4%2F4_2_8.tif,https://bigimage-0422.oss-cn-beijing.aliyuncs.com/images-4/4_2_8.tif?Expires=1589525194&OSSAccessKeyId=TMP.3KdhN6Rdo6D2gujaTqNHaDa3tYKMYEmpWx3mwyFgGzGDxE26GgtksRSb7ytvsMTeb7WkZFXMDj9z3NfvWavLVejewsAVJm&Signature=xqi0cbL7Fpk2c7lrrNWf4cj%2Fr5c%3D
images-4%2F4_2_9.tif,https://bigimage-0422.oss-cn-beijing.aliyuncs.com/images-4/4_2_9.tif?Expires=1589525194&OSSAccessKeyId=TMP.3KdhN6Rdo6D2gujaTqNHaDa3tYKMYEmpWx3mwyFgGzGDxE26GgtksRSb7ytvsMTeb7WkZFXMDj9z3NfvWavLVejewsAVJm&Signature=5pvGYi2%2FHFSZM%2FKgdAnQ99JnfYI%3D
images-4%2F4_3_0.tif,https://bigimage-0422.oss-cn-beijing.aliyuncs.com/images-4/4_3_0.tif?Expires=1589525194&OSSAccessKeyId=TMP.3KdhN6Rdo6D2gujaTqNHaDa3tYKMYEmpWx3mwyFgGzGDxE26GgtksRSb7ytvsMTeb7WkZFXMDj9z3NfvWavLVejewsAVJm&Signature=0uyZI%2FgPWwojP4mvHtEP1obTgOk%3D
images-4%2F4_3_1.tif,https://bigimage-0422.oss-cn-beijing.aliyuncs.com/images-4/4_3_1.tif?Expires=1589525194&OSSAccessKeyId=TMP.3KdhN6Rdo6D2gujaTqNHaDa3tYKMYEmpWx3mwyFgGzGDxE26GgtksRSb7ytvsMTeb7WkZFXMDj9z3NfvWavLVejewsAVJm&Signature=5DSfKmUZeJrYJEwjWMYHCSHXYK4%3D
images-4%2F4_3_10.tif,https://bigimage-0422.oss-cn-beijing.aliyuncs.com/images-4/4_3_10.tif?Expires=1589525194&OSSAccessKeyId=TMP.3KdhN6Rdo6D2gujaTqNHaDa3tYKMYEmpWx3mwyFgGzGDxE26GgtksRSb7ytvsMTeb7WkZFXMDj9z3NfvWavLVejewsAVJm&Signature=KOv5YrG852Ja969PLU%2BTr%2BvbdVw%3D
images-4%2F4_3_11.tif,https://bigimage-0422.oss-cn-beijing.aliyuncs.com/images-4/4_3_11.tif?Expires=1589525194&OSSAccessKeyId=TMP.3KdhN6Rdo6D2gujaTqNHaDa3tYKMYEmpWx3mwyFgGzGDxE26GgtksRSb7ytvsMTeb7WkZFXMDj9z3NfvWavLVejewsAVJm&Signature=ICfIbMJKKUhIEwNop8KyDy3%2F8pU%3D
images-4%2F4_3_2.tif,https://bigimage-0422.oss-cn-beijing.aliyuncs.com/images-4/4_3_2.tif?Expires=1589525194&OSSAccessKeyId=TMP.3KdhN6Rdo6D2gujaTqNHaDa3tYKMYEmpWx3mwyFgGzGDxE26GgtksRSb7ytvsMTeb7WkZFXMDj9z3NfvWavLVejewsAVJm&Signature=Phez2hTAIrntALfhB3RjSVRINRk%3D
images-4%2F4_3_3.tif,https://bigimage-0422.oss-cn-beijing.aliyuncs.com/images-4/4_3_3.tif?Expires=1589525194&OSSAccessKeyId=TMP.3KdhN6Rdo6D2gujaTqNHaDa3tYKMYEmpWx3mwyFgGzGDxE26GgtksRSb7ytvsMTeb7WkZFXMDj9z3NfvWavLVejewsAVJm&Signature=x3jB4TJnCu1ty%2FyMhT9uzdeqrTc%3D
images-4%2F4_3_4.tif,https://bigimage-0422.oss-cn-beijing.aliyuncs.com/images-4/4_3_4.tif?Expires=1589525194&OSSAccessKeyId=TMP.3KdhN6Rdo6D2gujaTqNHaDa3tYKMYEmpWx3mwyFgGzGDxE26GgtksRSb7ytvsMTeb7WkZFXMDj9z3NfvWavLVejewsAVJm&Signature=gVdOgaPmC9errfI5KjoJM%2BClhKI%3D
images-4%2F4_3_5.tif,https://bigimage-0422.oss-cn-beijing.aliyuncs.com/images-4/4_3_5.tif?Expires=1589525194&OSSAccessKeyId=TMP.3KdhN6Rdo6D2gujaTqNHaDa3tYKMYEmpWx3mwyFgGzGDxE26GgtksRSb7ytvsMTeb7WkZFXMDj9z3NfvWavLVejewsAVJm&Signature=7uYgO%2Fc4uRsqnJR7wHC6FRb8J2A%3D
images-4%2F4_3_6.tif,https://bigimage-0422.oss-cn-beijing.aliyuncs.com/images-4/4_3_6.tif?Expires=1589525194&OSSAccessKeyId=TMP.3KdhN6Rdo6D2gujaTqNHaDa3tYKMYEmpWx3mwyFgGzGDxE26GgtksRSb7ytvsMTeb7WkZFXMDj9z3NfvWavLVejewsAVJm&Signature=JkEEfeMZQgCeVCW9Z14xV7rkc0c%3D
images-4%2F4_3_7.tif,https://bigimage-0422.oss-cn-beijing.aliyuncs.com/images-4/4_3_7.tif?Expires=1589525195&OSSAccessKeyId=TMP.3KdhN6Rdo6D2gujaTqNHaDa3tYKMYEmpWx3mwyFgGzGDxE26GgtksRSb7ytvsMTeb7WkZFXMDj9z3NfvWavLVejewsAVJm&Signature=%2Fw2rj%2F%2BJ2Pr6KsCS1ScMsR7dy7s%3D
images-4%2F4_3_8.tif,https://bigimage-0422.oss-cn-beijing.aliyuncs.com/images-4/4_3_8.tif?Expires=1589525195&OSSAccessKeyId=TMP.3KdhN6Rdo6D2gujaTqNHaDa3tYKMYEmpWx3mwyFgGzGDxE26GgtksRSb7ytvsMTeb7WkZFXMDj9z3NfvWavLVejewsAVJm&Signature=j%2F5L%2BS4nBFEgey6H%2BdXbV4GylU8%3D
images-4%2F4_3_9.tif,https://bigimage-0422.oss-cn-beijing.aliyuncs.com/images-4/4_3_9.tif?Expires=1589525195&OSSAccessKeyId=TMP.3KdhN6Rdo6D2gujaTqNHaDa3tYKMYEmpWx3mwyFgGzGDxE26GgtksRSb7ytvsMTeb7WkZFXMDj9z3NfvWavLVejewsAVJm&Signature=1ZgewulkQGhUbCifCSJpe8ncrO0%3D
images-4%2F4_4_0.tif,https://bigimage-0422.oss-cn-beijing.aliyuncs.com/images-4/4_4_0.tif?Expires=1589525195&OSSAccessKeyId=TMP.3KdhN6Rdo6D2gujaTqNHaDa3tYKMYEmpWx3mwyFgGzGDxE26GgtksRSb7ytvsMTeb7WkZFXMDj9z3NfvWavLVejewsAVJm&Signature=ma42K8jCEzOPZF%2F81OE4L%2Fd6vdc%3D
images-4%2F4_4_1.tif,https://bigimage-0422.oss-cn-beijing.aliyuncs.com/images-4/4_4_1.tif?Expires=1589525195&OSSAccessKeyId=TMP.3KdhN6Rdo6D2gujaTqNHaDa3tYKMYEmpWx3mwyFgGzGDxE26GgtksRSb7ytvsMTeb7WkZFXMDj9z3NfvWavLVejewsAVJm&Signature=aZRlitPNO%2BSlYfTXfZGiMa6KAh4%3D
images-4%2F4_4_10.tif,https://bigimage-0422.oss-cn-beijing.aliyuncs.com/images-4/4_4_10.tif?Expires=1589525195&OSSAccessKeyId=TMP.3KdhN6Rdo6D2gujaTqNHaDa3tYKMYEmpWx3mwyFgGzGDxE26GgtksRSb7ytvsMTeb7WkZFXMDj9z3NfvWavLVejewsAVJm&Signature=1hGtCbXb6EDKWZrQzXfPzGCqp20%3D
images-4%2F4_4_11.tif,https://bigimage-0422.oss-cn-beijing.aliyuncs.com/images-4/4_4_11.tif?Expires=1589525195&OSSAccessKeyId=TMP.3KdhN6Rdo6D2gujaTqNHaDa3tYKMYEmpWx3mwyFgGzGDxE26GgtksRSb7ytvsMTeb7WkZFXMDj9z3NfvWavLVejewsAVJm&Signature=rBjsSk%2BLydMUHAKsCMhwab%2Bit%2Bs%3D
images-4%2F4_4_2.tif,https://bigimage-0422.oss-cn-beijing.aliyuncs.com/images-4/4_4_2.tif?Expires=1589525195&OSSAccessKeyId=TMP.3KdhN6Rdo6D2gujaTqNHaDa3tYKMYEmpWx3mwyFgGzGDxE26GgtksRSb7ytvsMTeb7WkZFXMDj9z3NfvWavLVejewsAVJm&Signature=2WxU1xbWbLnnEyqeULNcIn5Z%2BEA%3D
images-4%2F4_4_3.tif,https://bigimage-0422.oss-cn-beijing.aliyuncs.com/images-4/4_4_3.tif?Expires=1589525195&OSSAccessKeyId=TMP.3KdhN6Rdo6D2gujaTqNHaDa3tYKMYEmpWx3mwyFgGzGDxE26GgtksRSb7ytvsMTeb7WkZFXMDj9z3NfvWavLVejewsAVJm&Signature=QUayxqBq1olAu1FxVEKZ9nVuqEA%3D
images-4%2F4_4_4.tif,https://bigimage-0422.oss-cn-beijing.aliyuncs.com/images-4/4_4_4.tif?Expires=1589525195&OSSAccessKeyId=TMP.3KdhN6Rdo6D2gujaTqNHaDa3tYKMYEmpWx3mwyFgGzGDxE26GgtksRSb7ytvsMTeb7WkZFXMDj9z3NfvWavLVejewsAVJm&Signature=03OQz%2BAGBs%2FPdJ62UW14Ll4N0Zw%3D
images-4%2F4_4_5.tif,https://bigimage-0422.oss-cn-beijing.aliyuncs.com/images-4/4_4_5.tif?Expires=1589525195&OSSAccessKeyId=TMP.3KdhN6Rdo6D2gujaTqNHaDa3tYKMYEmpWx3mwyFgGzGDxE26GgtksRSb7ytvsMTeb7WkZFXMDj9z3NfvWavLVejewsAVJm&Signature=eec4PaUolnuBoTNfwxrwEkYMVAU%3D
images-4%2F4_4_6.tif,https://bigimage-0422.oss-cn-beijing.aliyuncs.com/images-4/4_4_6.tif?Expires=1589525195&OSSAccessKeyId=TMP.3KdhN6Rdo6D2gujaTqNHaDa3tYKMYEmpWx3mwyFgGzGDxE26GgtksRSb7ytvsMTeb7WkZFXMDj9z3NfvWavLVejewsAVJm&Signature=94eDN%2Bsw14tfRwjbDub%2F%2F7qYnBA%3D
images-4%2F4_4_7.tif,https://bigimage-0422.oss-cn-beijing.aliyuncs.com/images-4/4_4_7.tif?Expires=1589525195&OSSAccessKeyId=TMP.3KdhN6Rdo6D2gujaTqNHaDa3tYKMYEmpWx3mwyFgGzGDxE26GgtksRSb7ytvsMTeb7WkZFXMDj9z3NfvWavLVejewsAVJm&Signature=pQXI17tbuaTus3d1NBzPu9uIF2w%3D
images-4%2F4_4_8.tif,https://bigimage-0422.oss-cn-beijing.aliyuncs.com/images-4/4_4_8.tif?Expires=1589525195&OSSAccessKeyId=TMP.3KdhN6Rdo6D2gujaTqNHaDa3tYKMYEmpWx3mwyFgGzGDxE26GgtksRSb7ytvsMTeb7WkZFXMDj9z3NfvWavLVejewsAVJm&Signature=5fphMVRJ8eZ6MFMJes1onMRYO%2BI%3D
images-4%2F4_4_9.tif,https://bigimage-0422.oss-cn-beijing.aliyuncs.com/images-4/4_4_9.tif?Expires=1589525196&OSSAccessKeyId=TMP.3KdhN6Rdo6D2gujaTqNHaDa3tYKMYEmpWx3mwyFgGzGDxE26GgtksRSb7ytvsMTeb7WkZFXMDj9z3NfvWavLVejewsAVJm&Signature=pBm96SVbK3HvBHGiKwSsEE1GnYc%3D
images-4%2F4_5_0.tif,https://bigimage-0422.oss-cn-beijing.aliyuncs.com/images-4/4_5_0.tif?Expires=1589525196&OSSAccessKeyId=TMP.3KdhN6Rdo6D2gujaTqNHaDa3tYKMYEmpWx3mwyFgGzGDxE26GgtksRSb7ytvsMTeb7WkZFXMDj9z3NfvWavLVejewsAVJm&Signature=entiJ9L1yf7R%2BmCRo3A0bjqq%2FI0%3D
images-4%2F4_5_1.tif,https://bigimage-0422.oss-cn-beijing.aliyuncs.com/images-4/4_5_1.tif?Expires=1589525196&OSSAccessKeyId=TMP.3KdhN6Rdo6D2gujaTqNHaDa3tYKMYEmpWx3mwyFgGzGDxE26GgtksRSb7ytvsMTeb7WkZFXMDj9z3NfvWavLVejewsAVJm&Signature=UDXBDwiZhcgP1COEcpu4ZwppKwQ%3D
images-4%2F4_5_10.tif,https://bigimage-0422.oss-cn-beijing.aliyuncs.com/images-4/4_5_10.tif?Expires=1589525196&OSSAccessKeyId=TMP.3KdhN6Rdo6D2gujaTqNHaDa3tYKMYEmpWx3mwyFgGzGDxE26GgtksRSb7ytvsMTeb7WkZFXMDj9z3NfvWavLVejewsAVJm&Signature=Pf%2B4xgex9mHM%2FpdVgDXA4g1gGL4%3D
images-4%2F4_5_11.tif,https://bigimage-0422.oss-cn-beijing.aliyuncs.com/images-4/4_5_11.tif?Expires=1589525196&OSSAccessKeyId=TMP.3KdhN6Rdo6D2gujaTqNHaDa3tYKMYEmpWx3mwyFgGzGDxE26GgtksRSb7ytvsMTeb7WkZFXMDj9z3NfvWavLVejewsAVJm&Signature=410sOepacs1lpau16m23puysoq0%3D
images-4%2F4_5_2.tif,https://bigimage-0422.oss-cn-beijing.aliyuncs.com/images-4/4_5_2.tif?Expires=1589525196&OSSAccessKeyId=TMP.3KdhN6Rdo6D2gujaTqNHaDa3tYKMYEmpWx3mwyFgGzGDxE26GgtksRSb7ytvsMTeb7WkZFXMDj9z3NfvWavLVejewsAVJm&Signature=D01%2Bjn2bukaDuSJEipASm%2FRQXZs%3D
images-4%2F4_5_3.tif,https://bigimage-0422.oss-cn-beijing.aliyuncs.com/images-4/4_5_3.tif?Expires=1589525196&OSSAccessKeyId=TMP.3KdhN6Rdo6D2gujaTqNHaDa3tYKMYEmpWx3mwyFgGzGDxE26GgtksRSb7ytvsMTeb7WkZFXMDj9z3NfvWavLVejewsAVJm&Signature=HYQA74xdJBCauAJsg6qz3JxsR2k%3D
images-4%2F4_5_4.tif,https://bigimage-0422.oss-cn-beijing.aliyuncs.com/images-4/4_5_4.tif?Expires=1589525196&OSSAccessKeyId=TMP.3KdhN6Rdo6D2gujaTqNHaDa3tYKMYEmpWx3mwyFgGzGDxE26GgtksRSb7ytvsMTeb7WkZFXMDj9z3NfvWavLVejewsAVJm&Signature=3nTV02d29BMDix7OisGmd2vcWJI%3D
images-4%2F4_5_5.tif,https://bigimage-0422.oss-cn-beijing.aliyuncs.com/images-4/4_5_5.tif?Expires=1589525196&OSSAccessKeyId=TMP.3KdhN6Rdo6D2gujaTqNHaDa3tYKMYEmpWx3mwyFgGzGDxE26GgtksRSb7ytvsMTeb7WkZFXMDj9z3NfvWavLVejewsAVJm&Signature=DNtDK4tpo5puBCaMLOQkuZkXxfo%3D
images-4%2F4_5_6.tif,https://bigimage-0422.oss-cn-beijing.aliyuncs.com/images-4/4_5_6.tif?Expires=1589525196&OSSAccessKeyId=TMP.3KdhN6Rdo6D2gujaTqNHaDa3tYKMYEmpWx3mwyFgGzGDxE26GgtksRSb7ytvsMTeb7WkZFXMDj9z3NfvWavLVejewsAVJm&Signature=F0jHn7Vu0S7IHuP8%2Bpg5wQGYUag%3D
images-4%2F4_5_7.tif,https://bigimage-0422.oss-cn-beijing.aliyuncs.com/images-4/4_5_7.tif?Expires=1589525196&OSSAccessKeyId=TMP.3KdhN6Rdo6D2gujaTqNHaDa3tYKMYEmpWx3mwyFgGzGDxE26GgtksRSb7ytvsMTeb7WkZFXMDj9z3NfvWavLVejewsAVJm&Signature=5%2BBJuN1NmxXnSKqH2cheHGi39Sw%3D
images-4%2F4_5_8.tif,https://bigimage-0422.oss-cn-beijing.aliyuncs.com/images-4/4_5_8.tif?Expires=1589525196&OSSAccessKeyId=TMP.3KdhN6Rdo6D2gujaTqNHaDa3tYKMYEmpWx3mwyFgGzGDxE26GgtksRSb7ytvsMTeb7WkZFXMDj9z3NfvWavLVejewsAVJm&Signature=1FM%2BYJ%2F1b2BUkD0rb%2BZxRFbSusE%3D
images-4%2F4_5_9.tif,https://bigimage-0422.oss-cn-beijing.aliyuncs.com/images-4/4_5_9.tif?Expires=1589525196&OSSAccessKeyId=TMP.3KdhN6Rdo6D2gujaTqNHaDa3tYKMYEmpWx3mwyFgGzGDxE26GgtksRSb7ytvsMTeb7WkZFXMDj9z3NfvWavLVejewsAVJm&Signature=qsX%2F6CHsvMLTKZbS56Jm%2BwvbAbA%3D
images-4%2F4_6_0.tif,https://bigimage-0422.oss-cn-beijing.aliyuncs.com/images-4/4_6_0.tif?Expires=1589525196&OSSAccessKeyId=TMP.3KdhN6Rdo6D2gujaTqNHaDa3tYKMYEmpWx3mwyFgGzGDxE26GgtksRSb7ytvsMTeb7WkZFXMDj9z3NfvWavLVejewsAVJm&Signature=PeUf2i8BMo5kPxMB%2FKNlQQSXyZ0%3D
images-4%2F4_6_1.tif,https://bigimage-0422.oss-cn-beijing.aliyuncs.com/images-4/4_6_1.tif?Expires=1589525196&OSSAccessKeyId=TMP.3KdhN6Rdo6D2gujaTqNHaDa3tYKMYEmpWx3mwyFgGzGDxE26GgtksRSb7ytvsMTeb7WkZFXMDj9z3NfvWavLVejewsAVJm&Signature=nRgCEOWFc96la%2F3AwDl1A%2Bqat%2BU%3D
images-4%2F4_6_10.tif,https://bigimage-0422.oss-cn-beijing.aliyuncs.com/images-4/4_6_10.tif?Expires=1589525196&OSSAccessKeyId=TMP.3KdhN6Rdo6D2gujaTqNHaDa3tYKMYEmpWx3mwyFgGzGDxE26GgtksRSb7ytvsMTeb7WkZFXMDj9z3NfvWavLVejewsAVJm&Signature=lKX%2BpO3NeY4d3NTiFVMZxORm%2FyQ%3D
images-4%2F4_6_11.tif,https://bigimage-0422.oss-cn-beijing.aliyuncs.com/images-4/4_6_11.tif?Expires=1589525197&OSSAccessKeyId=TMP.3KdhN6Rdo6D2gujaTqNHaDa3tYKMYEmpWx3mwyFgGzGDxE26GgtksRSb7ytvsMTeb7WkZFXMDj9z3NfvWavLVejewsAVJm&Signature=VdgHiKvBKbC%2Fd88S2PJtLC098QM%3D
images-4%2F4_6_2.tif,https://bigimage-0422.oss-cn-beijing.aliyuncs.com/images-4/4_6_2.tif?Expires=1589525197&OSSAccessKeyId=TMP.3KdhN6Rdo6D2gujaTqNHaDa3tYKMYEmpWx3mwyFgGzGDxE26GgtksRSb7ytvsMTeb7WkZFXMDj9z3NfvWavLVejewsAVJm&Signature=jvVBxlw60cFgtijROq%2ByIu2FsTE%3D
images-4%2F4_6_3.tif,https://bigimage-0422.oss-cn-beijing.aliyuncs.com/images-4/4_6_3.tif?Expires=1589525197&OSSAccessKeyId=TMP.3KdhN6Rdo6D2gujaTqNHaDa3tYKMYEmpWx3mwyFgGzGDxE26GgtksRSb7ytvsMTeb7WkZFXMDj9z3NfvWavLVejewsAVJm&Signature=eK4py%2BdgXfY8vo%2FGUz8ok92B9iQ%3D
images-4%2F4_6_4.tif,https://bigimage-0422.oss-cn-beijing.aliyuncs.com/images-4/4_6_4.tif?Expires=1589525197&OSSAccessKeyId=TMP.3KdhN6Rdo6D2gujaTqNHaDa3tYKMYEmpWx3mwyFgGzGDxE26GgtksRSb7ytvsMTeb7WkZFXMDj9z3NfvWavLVejewsAVJm&Signature=k8Za%2B0MriIaR%2BuqAYI8EzIq9hzk%3D
images-4%2F4_6_5.tif,https://bigimage-0422.oss-cn-beijing.aliyuncs.com/images-4/4_6_5.tif?Expires=1589525197&OSSAccessKeyId=TMP.3KdhN6Rdo6D2gujaTqNHaDa3tYKMYEmpWx3mwyFgGzGDxE26GgtksRSb7ytvsMTeb7WkZFXMDj9z3NfvWavLVejewsAVJm&Signature=lu29ilC5aN42b1QvjIxtCsGemsc%3D
images-4%2F4_6_6.tif,https://bigimage-0422.oss-cn-beijing.aliyuncs.com/images-4/4_6_6.tif?Expires=1589525197&OSSAccessKeyId=TMP.3KdhN6Rdo6D2gujaTqNHaDa3tYKMYEmpWx3mwyFgGzGDxE26GgtksRSb7ytvsMTeb7WkZFXMDj9z3NfvWavLVejewsAVJm&Signature=TugcZGWO7s1YvMpbypyQwRVPYm0%3D
images-4%2F4_6_7.tif,https://bigimage-0422.oss-cn-beijing.aliyuncs.com/images-4/4_6_7.tif?Expires=1589525197&OSSAccessKeyId=TMP.3KdhN6Rdo6D2gujaTqNHaDa3tYKMYEmpWx3mwyFgGzGDxE26GgtksRSb7ytvsMTeb7WkZFXMDj9z3NfvWavLVejewsAVJm&Signature=8EEeqwQGWuel5CHt9BsmDgZgy9U%3D
images-4%2F4_6_8.tif,https://bigimage-0422.oss-cn-beijing.aliyuncs.com/images-4/4_6_8.tif?Expires=1589525197&OSSAccessKeyId=TMP.3KdhN6Rdo6D2gujaTqNHaDa3tYKMYEmpWx3mwyFgGzGDxE26GgtksRSb7ytvsMTeb7WkZFXMDj9z3NfvWavLVejewsAVJm&Signature=ZYip6mvxGcujpFAUst4J03wL10k%3D
images-4%2F4_6_9.tif,https://bigimage-0422.oss-cn-beijing.aliyuncs.com/images-4/4_6_9.tif?Expires=1589525197&OSSAccessKeyId=TMP.3KdhN6Rdo6D2gujaTqNHaDa3tYKMYEmpWx3mwyFgGzGDxE26GgtksRSb7ytvsMTeb7WkZFXMDj9z3NfvWavLVejewsAVJm&Signature=tqFad97BqSqW%2BdPNwdANdb0WlEs%3D
images-4%2F4_7_0.tif,https://bigimage-0422.oss-cn-beijing.aliyuncs.com/images-4/4_7_0.tif?Expires=1589525197&OSSAccessKeyId=TMP.3KdhN6Rdo6D2gujaTqNHaDa3tYKMYEmpWx3mwyFgGzGDxE26GgtksRSb7ytvsMTeb7WkZFXMDj9z3NfvWavLVejewsAVJm&Signature=%2Bp7Rs1%2B2vvTYCwr1efjZj8fQC6M%3D
images-4%2F4_7_1.tif,https://bigimage-0422.oss-cn-beijing.aliyuncs.com/images-4/4_7_1.tif?Expires=1589525197&OSSAccessKeyId=TMP.3KdhN6Rdo6D2gujaTqNHaDa3tYKMYEmpWx3mwyFgGzGDxE26GgtksRSb7ytvsMTeb7WkZFXMDj9z3NfvWavLVejewsAVJm&Signature=fxd8i4T7pXWKU1oldROFqVQJKyM%3D
images-4%2F4_7_10.tif,https://bigimage-0422.oss-cn-beijing.aliyuncs.com/images-4/4_7_10.tif?Expires=1589525197&OSSAccessKeyId=TMP.3KdhN6Rdo6D2gujaTqNHaDa3tYKMYEmpWx3mwyFgGzGDxE26GgtksRSb7ytvsMTeb7WkZFXMDj9z3NfvWavLVejewsAVJm&Signature=O8FjhLsnlhK6ylxaNAZiIe86zGg%3D
images-4%2F4_7_11.tif,https://bigimage-0422.oss-cn-beijing.aliyuncs.com/images-4/4_7_11.tif?Expires=1589525197&OSSAccessKeyId=TMP.3KdhN6Rdo6D2gujaTqNHaDa3tYKMYEmpWx3mwyFgGzGDxE26GgtksRSb7ytvsMTeb7WkZFXMDj9z3NfvWavLVejewsAVJm&Signature=%2BSayE0o6nSZvoz8TUW8DHeUDqsY%3D
